<?xml version="1.0" encoding="utf-8"?>
<!--/17486426/1084973/2.49/8/3/Transformer/-->
<quadcept_library>
  <setting unit="mil" />
  <textstyle name="Default" height="47.244094488189" strokewidth="7.8740157480315" charwidth="47.244094488189" />
  <textstyle name="Dimension" height="19.6850393700787" strokewidth="0" charwidth="19.6850393700787" />
  <textstyle name="H127W0635TH00762" height="50" strokewidth="3" charwidth="25" />
  <textstyle name="H15W15TH02" height="59.0551181102362" strokewidth="7.8740157480315" charwidth="59.0551181102362" />
  <padstyle name="r170_112" surface="True" plated="False" isvia="False" nopaste="False" nomask="True" complex="False" holesize="0">
    <padshape layer="TOP" shape="rectangle" width="44.094488188976" height="66.929133858267" />
    <padshape layer="TOP_SOLDER_MASK" shape="rectangle" width="51.968503937007" height="74.803149606298" />
    <padshape layer="TOP_SOLDER_PASTE" shape="rectangle" width="44.094488188976" height="66.929133858267" />
  </padstyle>
  <footprint name="750314178" originx="0" originy="0" pickpointx="0" pickpointy="0">
    <pcbpin number="1" name="1" style="r170_112" originx="214.96062992126" originy="118.11023622047" rotation="90" />
    <pcbpin number="2" name="2" style="r170_112" originx="214.96062992126" originy="39.370078740157" rotation="90" />
    <pcbpin number="3" name="3" style="r170_112" originx="214.96062992126" originy="-39.370078740157" rotation="90" />
    <pcbpin number="4" name="4" style="r170_112" originx="214.96062992126" originy="-118.11023622047" rotation="90" />
    <pcbpin number="5" name="5" style="r170_112" originx="-214.96062992126" originy="-118.11023622047" rotation="90" />
    <pcbpin number="6" name="6" style="r170_112" originx="-214.96062992126" originy="-39.370078740157" rotation="90" />
    <pcbpin number="7" name="7" style="r170_112" originx="-214.96062992126" originy="39.370078740157" rotation="90" />
    <pcbpin number="8" name="8" style="r170_112" originx="-214.96062992126" originy="118.11023622047" rotation="90" />
    <line layer="TOP_ASSEMBLY" originx="-237.59842519685" originy="-196.85039370078" endx="237.59842519685" endy="-196.85039370078" width="3.9370078740157" />
    <line layer="TOP_ASSEMBLY" originx="237.59842519685" originy="-196.85039370078" endx="237.59842519685" endy="196.85039370078" width="3.9370078740157" />
    <line layer="TOP_ASSEMBLY" originx="237.59842519685" originy="196.85039370078" endx="-237.59842519685" endy="196.85039370078" width="3.9370078740157" />
    <line layer="TOP_ASSEMBLY" originx="-237.59842519685" originy="196.85039370078" endx="-237.59842519685" endy="-196.85039370078" width="3.9370078740157" />
    <line layer="TOP_PLACE_BOUND" originx="-287.79527559055" originy="236.22047244094" endx="287.79527559055" endy="236.22047244094" width="3.9370078740157" />
    <line layer="TOP_PLACE_BOUND" originx="287.79527559055" originy="236.22047244094" endx="287.79527559055" endy="-236.22047244094" width="3.9370078740157" />
    <line layer="TOP_PLACE_BOUND" originx="287.79527559055" originy="-236.22047244094" endx="-287.79527559055" endy="-236.22047244094" width="3.9370078740157" />
    <line layer="TOP_PLACE_BOUND" originx="-287.79527559055" originy="-236.22047244094" endx="-287.79527559055" endy="236.22047244094" width="3.9370078740157" />
    <line layer="TOP_SILKSCREEN" originx="-237.59842519685" originy="-157.48031496063" endx="-237.59842519685" endy="-196.85039370078" width="7.8740157480314" />
    <line layer="TOP_SILKSCREEN" originx="-237.59842519685" originy="-196.85039370078" endx="237.59842519685" endy="-196.85039370078" width="7.8740157480314" />
    <line layer="TOP_SILKSCREEN" originx="237.59842519685" originy="-196.85039370078" endx="237.59842519685" endy="-165.35433070866" width="7.8740157480314" />
    <line layer="TOP_SILKSCREEN" originx="-237.59842519685" originy="157.48031496063" endx="-237.59842519685" endy="196.85039370078" width="7.8740157480314" />
    <line layer="TOP_SILKSCREEN" originx="-237.59842519685" originy="196.85039370078" endx="237.59842519685" endy="196.85039370078" width="7.8740157480314" />
    <line layer="TOP_SILKSCREEN" originx="237.59842519685" originy="196.85039370078" endx="237.59842519685" endy="157.48031496063" width="7.8740157480314" />
    <line layer="TOP_SILKSCREEN" originx="263.77952755905" originy="118.11023622047" endx="263.77952755905" endy="118.11023622047" width="3.9370078740157" />
    <arc layer="TOP_SILKSCREEN" originx="265.74803149606" originy="118.11023622047" startangle="180.0" sweepangle="180.0" radius="1.9685039370078" width="3.9370078740157" />
    <line layer="TOP_SILKSCREEN" originx="267.71653543307" originy="118.11023622047" endx="267.71653543307" endy="118.11023622047" width="3.9370078740157" />
    <arc layer="TOP_SILKSCREEN" originx="265.74803149606" originy="118.11023622047" startangle=".0" sweepangle="180.0" radius="1.9685039370078" width="3.9370078740157" />
  </footprint>
  <symbol name="750314178" originx="0" originy="0">
    <line originx="200" originy="100" endx="600" endy="100" width="0" />
    <line originx="600" originy="-400" endx="600" endy="100" width="0" />
    <line originx="600" originy="-400" endx="200" endy="-400" width="0" />
    <line originx="200" originy="100" endx="200" endy="-400" width="0" />
    <sympin number="1" originx="600" originy="0" rotation="0" length="100" width="7.8740157480315" flipped="False">
      <text name="pinname" originx="570" originy="0" style="Default" rotation="0" justify="right" flipped="False" hidden="False" data="1" />
      <text name="pindes" originx="660" originy="20" style="Default" rotation="0" justify="lowerleft" flipped="False" hidden="False" data="1" />
    </sympin>
    <sympin number="2" originx="600" originy="-100" rotation="0" length="100" width="7.8740157480315" flipped="False">
      <text name="pinname" originx="570" originy="-100" style="Default" rotation="0" justify="right" flipped="False" hidden="False" data="2" />
      <text name="pindes" originx="660" originy="-80" style="Default" rotation="0" justify="lowerleft" flipped="False" hidden="False" data="2" />
    </sympin>
    <sympin number="3" originx="600" originy="-200" rotation="0" length="100" width="7.8740157480315" flipped="False">
      <text name="pinname" originx="570" originy="-200" style="Default" rotation="0" justify="right" flipped="False" hidden="False" data="3" />
      <text name="pindes" originx="660" originy="-180" style="Default" rotation="0" justify="lowerleft" flipped="False" hidden="False" data="3" />
    </sympin>
    <sympin number="4" originx="600" originy="-300" rotation="0" length="100" width="7.8740157480315" flipped="False">
      <text name="pinname" originx="570" originy="-300" style="Default" rotation="0" justify="right" flipped="False" hidden="False" data="4" />
      <text name="pindes" originx="660" originy="-280" style="Default" rotation="0" justify="lowerleft" flipped="False" hidden="False" data="4" />
    </sympin>
    <sympin number="5" originx="200" originy="-300" rotation="180" length="100" width="7.8740157480315" flipped="False">
      <text name="pinname" originx="230" originy="-300" style="Default" rotation="0" justify="left" flipped="False" hidden="False" data="5" />
      <text name="pindes" originx="140" originy="-280" style="Default" rotation="0" justify="lowerright" flipped="False" hidden="False" data="5" />
    </sympin>
    <sympin number="6" originx="200" originy="-200" rotation="180" length="100" width="7.8740157480315" flipped="False">
      <text name="pinname" originx="230" originy="-200" style="Default" rotation="0" justify="left" flipped="False" hidden="False" data="6" />
      <text name="pindes" originx="140" originy="-180" style="Default" rotation="0" justify="lowerright" flipped="False" hidden="False" data="6" />
    </sympin>
    <sympin number="7" originx="200" originy="-100" rotation="180" length="100" width="7.8740157480315" flipped="False">
      <text name="pinname" originx="230" originy="-100" style="Default" rotation="0" justify="left" flipped="False" hidden="False" data="7" />
      <text name="pindes" originx="140" originy="-80" style="Default" rotation="0" justify="lowerright" flipped="False" hidden="False" data="7" />
    </sympin>
    <sympin number="8" originx="200" originy="0" rotation="180" length="100" width="7.8740157480315" flipped="False">
      <text name="pinname" originx="230" originy="0" style="Default" rotation="0" justify="left" flipped="False" hidden="False" data="8" />
      <text name="pindes" originx="140" originy="20" style="Default" rotation="0" justify="lowerright" flipped="False" hidden="False" data="8" />
    </sympin>
  </symbol>
  <component name="750314178" designatorprefix="T" height="235.03937007874" footprint="750314178">
    <comppin designator="1" sympin="1" pinswap="0" gateswap="0" gate="1" group="1" side="" type="Any" name="1" />
    <comppin designator="2" sympin="2" pinswap="0" gateswap="0" gate="1" group="1" side="" type="Any" name="2" />
    <comppin designator="3" sympin="3" pinswap="0" gateswap="0" gate="1" group="1" side="" type="Any" name="3" />
    <comppin designator="4" sympin="4" pinswap="0" gateswap="0" gate="1" group="1" side="" type="Any" name="4" />
    <comppin designator="5" sympin="5" pinswap="0" gateswap="0" gate="1" group="1" side="" type="Any" name="5" />
    <comppin designator="6" sympin="6" pinswap="0" gateswap="0" gate="1" group="1" side="" type="Any" name="6" />
    <comppin designator="7" sympin="7" pinswap="0" gateswap="0" gate="1" group="1" side="" type="Any" name="7" />
    <comppin designator="8" sympin="8" pinswap="0" gateswap="0" gate="1" group="1" side="" type="Any" name="8" />
    <attached_symbol gate="1" name="750314178" />
    <pinmap designator="1" footprintpin="1" />
    <pinmap designator="2" footprintpin="2" />
    <pinmap designator="3" footprintpin="3" />
    <pinmap designator="4" footprintpin="4" />
    <pinmap designator="5" footprintpin="5" />
    <pinmap designator="6" footprintpin="6" />
    <pinmap designator="7" footprintpin="7" />
    <pinmap designator="8" footprintpin="8" />
    <text name="Datasheet" originx="0" originy="0" style="Default" rotation="0" justify="" flipped="False" hidden="True" data="https://www.we-online.com/components/products/datasheet/750314178.pdf" />
    <text name="Description" originx="0" originy="0" style="Default" rotation="0" justify="" flipped="False" hidden="True" data="100mVAC, Ls tie(1+4, 6+7), 100kHz" />
    <text name="Mouser Part Number" originx="0" originy="0" style="Default" rotation="0" justify="" flipped="False" hidden="True" data="" />
    <text name="Mouser Price/Stock" originx="0" originy="0" style="Default" rotation="0" justify="" flipped="False" hidden="True" data="" />
    <text name="Manufacturer_Name" originx="0" originy="0" style="Default" rotation="0" justify="" flipped="False" hidden="True" data="Wurth Elektronik" />
    <text name="Manufacturer_Part_Number" originx="650" originy="200" style="Default" rotation="0" justify="left" flipped="False" hidden="False" data="750314178" />
  </component>
</quadcept_library>
